{"cameraMode":{"drawMode":0,"name":"Shaded","section":"Shading Mode"},"sceneLighting":true,"audioPlay":false,"sceneViewState":{"showFog":true,"showMaterialUpdate":false,"showSkybox":true,"showFlares":true,"showImageEffects":true,"showParticleSystems":true},"in2DMode":false,"pivot":{"x":-6.539150238037109,"y":11.616790771484375,"z":8.256912231445313},"rotation":{"x":0.3885979652404785,"y":0.12244616448879242,"z":-0.05218835175037384,"w":0.9117438197135925},"size":53.45493698120117,"orthographic":false}